epoch,global_step,running_loss
0,0,0.04670711040496826
0,100,1.870838656425476
0,200,1.502836436033249
0,300,1.309403077363968
1,352,0.011638469696044922
1,452,1.110996329188347
1,552,1.0393379926681519
1,652,0.9975306499004364
2,704,0.00801462471485138
2,804,0.8927601152658462
2,904,0.8511542147397995
2,1004,0.8296943908929825
3,1056,0.008283600211143494
3,1156,0.7588098400831222
3,1256,0.739054793715477
3,1356,0.7478723150491714
4,1408,0.0078602534532547
4,1508,0.6873870223760605
4,1608,0.6831299978494644
4,1708,0.6585293573141098
5,1760,0.006801161766052246
5,1860,0.6241893228888512
5,1960,0.629124971628189
5,2060,0.6154652881622314
6,2112,0.005212206244468689
6,2212,0.5803613674640655
6,2312,0.5963191545009613
6,2412,0.5867275184392929
7,2464,0.004806515574455261
7,2564,0.5556765255331994
7,2664,0.5580157473683357
7,2764,0.5602429661154747
8,2816,0.005077862739562988
8,2916,0.5222624227404594
8,3016,0.524131510257721
8,3116,0.5379925441741943
9,3168,0.005532811880111694
9,3268,0.4969819876551628
9,3368,0.5075649118423462
9,3468,0.5084345096349716
10,3520,0.0061226201057434084
10,3620,0.4648901268839836
10,3720,0.48591685205698015
10,3820,0.5083887413144111
11,3872,0.004833821952342987
11,3972,0.46453973561525347
11,4072,0.48463235080242156
11,4172,0.46476359337568285
12,4224,0.004456053972244262
12,4324,0.4541412106156349
12,4424,0.45960353910923
12,4524,0.44888189136981965
13,4576,0.004457302987575531
13,4676,0.44132804781198504
13,4776,0.4313619440793991
13,4876,0.4635872682929039
14,4928,0.0032342392206192016
14,5028,0.41084941297769545
14,5128,0.42810555711388587
14,5228,0.43715511739254
15,5280,0.003564470112323761
15,5380,0.4235874369740486
15,5480,0.41114276960492135
15,5580,0.4294835981726646
16,5632,0.002690127789974213
16,5732,0.4051444885134697
16,5832,0.43235311046242714
16,5932,0.4083512626588345
17,5984,0.00471154510974884
17,6084,0.3925576701760292
17,6184,0.405981730222702
17,6284,0.4116503664851189
18,6336,0.004072252810001373
18,6436,0.37699111059308055
18,6536,0.40612807482481
18,6636,0.3873290354013443
19,6688,0.0037339603900909423
19,6788,0.3741837093234062
19,6888,0.3906401789188385
19,6988,0.3851331275701523
20,7040,0.003507366478443146
20,7140,0.3765286159515381
20,7240,0.379408637881279
20,7340,0.38026898458600045
21,7392,0.005123162269592285
21,7492,0.37314459890127183
21,7592,0.36502423644065857
21,7692,0.3760350012779236
22,7744,0.003162648677825928
22,7844,0.3526208618283272
22,7944,0.37885679572820663
22,8044,0.37355039045214655
23,8096,0.002597387433052063
23,8196,0.35029116734862326
23,8296,0.3628241565823555
23,8396,0.364058672785759
24,8448,0.004272001385688781
24,8548,0.341273051649332
24,8648,0.352142271399498
24,8748,0.35605674609541893
25,8800,0.00353005051612854
25,8900,0.3361631977558136
25,9000,0.35236247077584265
25,9100,0.35573635309934615
26,9152,0.003175375759601593
26,9252,0.3341503937542438
26,9352,0.3474813422560692
26,9452,0.3424414111673832
27,9504,0.0025528985261917114
27,9604,0.3240573151409626
27,9704,0.3497085745632649
27,9804,0.34661168843507767
28,9856,0.0034366536140441896
28,9956,0.32330149054527285
28,10056,0.33694986283779144
28,10156,0.34194388329982756
29,10208,0.003475803732872009
29,10308,0.3085696965456009
29,10408,0.3382261674106121
29,10508,0.34566925942897797
30,10560,0.0037298738956451417
30,10660,0.3097398853302002
30,10760,0.3348171465098858
30,10860,0.3249300289154053
31,10912,0.003144458532333374
31,11012,0.3053011019527912
31,11112,0.3342511375248432
31,11212,0.3250519035756588
32,11264,0.00198964387178421
32,11364,0.3042173629999161
32,11464,0.3236176799237728
32,11564,0.333576168268919
33,11616,0.0028442856669425964
33,11716,0.30181787982583047
33,11816,0.3300830364227295
33,11916,0.3203037106990814
34,11968,0.003276101052761078
34,12068,0.3147168904542923
34,12168,0.3146902334690094
34,12268,0.3186445441842079
35,12320,0.002432425171136856
35,12420,0.31222051456570626
35,12520,0.29435992196202276
35,12620,0.32648328095674517
36,12672,0.002793610095977783
36,12772,0.30417015999555586
36,12872,0.31114372178912164
36,12972,0.31144239753484726
37,13024,0.0024155142903327944
37,13124,0.2890691953897476
37,13224,0.30986094385385515
37,13324,0.3119421023130417
38,13376,0.002364613264799118
38,13476,0.28662166140973566
38,13576,0.3093873210251331
38,13676,0.3128982010483742
39,13728,0.0036193081736564637
39,13828,0.29992402508854865
39,13928,0.29738960430026057
39,14028,0.30791239336133003
40,14080,0.0026360023021697997
40,14180,0.2826575854420662
40,14280,0.29846699953079225
40,14380,0.30486111238598823
41,14432,0.002109493613243103
41,14532,0.2847467163205147
41,14632,0.3054699517786503
41,14732,0.30228435069322585
42,14784,0.002841726839542389
42,14884,0.2819465707242489
42,14984,0.2838714408874512
42,15084,0.2996933604776859
43,15136,0.0024822336435317994
43,15236,0.27989016979932785
43,15336,0.2891086058318615
43,15436,0.3006048399209976
44,15488,0.0024273060262203217
44,15588,0.2745255693793297
44,15688,0.29306467801332475
44,15788,0.30211422383785247
45,15840,0.0042952802777290345
45,15940,0.2733781808614731
45,16040,0.29789199724793436
45,16140,0.29143691509962083
46,16192,0.002421441674232483
46,16292,0.2746877950429916
46,16392,0.28177612617611886
46,16492,0.2977569586038589
47,16544,0.0025687384605407714
47,16644,0.27146348282694815
47,16744,0.29463357880711555
47,16844,0.2985573552548885
48,16896,0.00266233891248703
48,16996,0.2714059653878212
48,17096,0.29309708535671236
48,17196,0.2784316003322601
49,17248,0.0020348820090293884
49,17348,0.2812597681581974
49,17448,0.27602437943220137
49,17548,0.29618379786610605
50,17600,0.0027630844712257384
50,17700,0.2736270447075367
50,17800,0.27541971281170846
50,17900,0.27992869064211845
51,17952,0.0031083035469055176
51,18052,0.27112061575055124
51,18152,0.2842333795130253
51,18252,0.2702938325703144
52,18304,0.003148868978023529
52,18404,0.27703519150614736
52,18504,0.26740919962525367
52,18604,0.29303479462862014
53,18656,0.0030526465177536013
53,18756,0.2647774694859982
53,18856,0.27339533433318136
53,18956,0.28683345422148704
54,19008,0.0018540032207965851
54,19108,0.26196481943130495
54,19208,0.27602679297328
54,19308,0.2779036810994148
55,19360,0.001980740427970886
55,19460,0.27085222929716113
55,19560,0.26230778798460963
55,19660,0.2846432146430016
56,19712,0.003722347915172577
56,19812,0.2666887468099594
56,19912,0.2756704765558243
56,20012,0.28068154603242873
57,20064,0.002264252156019211
57,20164,0.26046145856380465
57,20264,0.27103466525673864
57,20364,0.2735213957726955
58,20416,0.0027932164072990416
58,20516,0.2655360359698534
58,20616,0.2800240038335323
58,20716,0.2719024822115898
59,20768,0.0026913705468177796
59,20868,0.2460288117825985
59,20968,0.2691571606695652
59,21068,0.28770097374916076
60,21120,0.002516684830188751
60,21220,0.24763179406523705
60,21320,0.2733418829739094
60,21420,0.2705173237621784
61,21472,0.002157399505376816
61,21572,0.2581533233821392
61,21672,0.26033770956099034
61,21772,0.2733043552935123
62,21824,0.0024929478764533996
62,21924,0.25450524836778643
62,22024,0.2613973417133093
62,22124,0.27054919317364695
63,22176,0.0024981451034545897
63,22276,0.24426167123019696
63,22376,0.2658464494347572
63,22476,0.27926629677414894
64,22528,0.002470451444387436
64,22628,0.25590954765677454
64,22728,0.25490356400609016
64,22828,0.28768949046730996
65,22880,0.0023982107639312746
65,22980,0.23760919347405435
65,23080,0.2674145546555519
65,23180,0.27460757926106455
66,23232,0.001339440643787384
66,23332,0.25759676337242127
66,23432,0.26146228760480883
66,23532,0.26240226060152055
67,23584,0.001487380862236023
67,23684,0.23846336804330348
67,23784,0.2579909594357014
67,23884,0.27706753835082054
68,23936,0.003416317701339722
68,24036,0.25021445982158186
68,24136,0.2488318830728531
68,24236,0.2669548606872559
69,24288,0.002214711010456085
69,24388,0.24244800940155983
69,24488,0.25171756237745285
69,24588,0.27694702744483946
70,24640,0.002266964316368103
70,24740,0.2484959201514721
70,24840,0.2611993683874607
70,24940,0.27192734733223917
71,24992,0.002257875353097916
71,25092,0.24415914088487625
71,25192,0.24797988303005694
71,25292,0.2654408908635378
72,25344,0.002321817725896835
72,25444,0.23836591131985188
72,25544,0.25824820801615717
72,25644,0.25158701226115227
73,25696,0.0023958803713321685
73,25796,0.2511173032224178
73,25896,0.25206422686576846
73,25996,0.2594780971109867
74,26048,0.003125607371330261
74,26148,0.24176930949091913
74,26248,0.2558933149278164
74,26348,0.2695458307862282
75,26400,0.003144836723804474
75,26500,0.24348728299140932
75,26600,0.2543376298248768
75,26700,0.2569209507107735
76,26752,0.002683664560317993
76,26852,0.23869213573634623
76,26952,0.24161504045128823
76,27052,0.25771363243460654
77,27104,0.0018887415528297425
77,27204,0.2357415284961462
77,27304,0.2541910640895367
77,27404,0.2544030497968197
78,27456,0.0016451036930084228
78,27556,0.2513846061378717
78,27656,0.24142978623509406
78,27756,0.24951563268899918
79,27808,0.0028095608949661255
79,27908,0.23874266266822816
79,28008,0.25420318827033045
79,28108,0.25865416988730433
80,28160,0.0033222582936286928
80,28260,0.23409808814525604
80,28360,0.2495899796485901
80,28460,0.25251031264662743
81,28512,0.001857125461101532
81,28612,0.23560980446636676
81,28712,0.2425914503633976
81,28812,0.25704293325543404
82,28864,0.0035310906171798708
82,28964,0.2363942465186119
82,29064,0.23970236986875534
82,29164,0.2513793043792248
83,29216,0.002003360688686371
83,29316,0.2380896832048893
83,29416,0.2588439801335335
83,29516,0.2639263087511063
84,29568,0.0021576344966888427
84,29668,0.23050843998789788
84,29768,0.24363161824643612
84,29868,0.24458349227905274
85,29920,0.0017659074068069457
85,30020,0.2420117161422968
85,30120,0.24411708503961563
85,30220,0.25506150886416434
86,30272,0.003536711633205414
86,30372,0.22049937888979912
86,30472,0.2625244191288948
86,30572,0.25646160036325455
87,30624,0.0018006628751754761
87,30724,0.24199126094579695
87,30824,0.24346218913793563
87,30924,0.24916615255177021
88,30976,0.002244486212730408
88,31076,0.23799609407782554
88,31176,0.23463913060724736
88,31276,0.2519444680213928
89,31328,0.0015508250892162323
89,31428,0.23167944595217704
89,31528,0.23919898010790347
89,31628,0.24477674216032028
90,31680,0.0018779760599136352
90,31780,0.23030022777616976
90,31880,0.23855713091790676
90,31980,0.25035381972789766
91,32032,0.0019019567966461182
91,32132,0.21724326327443122
91,32232,0.22967550508677959
91,32332,0.2582953016459942
92,32384,0.0017859691381454468
92,32484,0.23947875805199145
92,32584,0.23256505489349366
92,32684,0.2522559435665607
93,32736,0.0022174862027168275
93,32836,0.24314932271838188
93,32936,0.2473921585083008
93,33036,0.2358451025933027
94,33088,0.002838067412376404
94,33188,0.2376430070400238
94,33288,0.23155810043215752
94,33388,0.2379532451927662
95,33440,0.0020779913663864138
95,33540,0.22259673565626145
95,33640,0.2279301606118679
95,33740,0.2607258743047714
96,33792,0.0014490333199501037
96,33892,0.21568506196141243
96,33992,0.23821241915225982
96,34092,0.2547707671672106
97,34144,0.001629793494939804
97,34244,0.22082348830997944
97,34344,0.23232578732073306
97,34444,0.25080098867416384
98,34496,0.00363370805978775
98,34596,0.22575438573956488
98,34696,0.24355125039815903
98,34796,0.2483246773481369
99,34848,0.002063721865415573
99,34948,0.23829613208770753
99,35048,0.23141239672899247
99,35148,0.23707133278250694
100,35200,0.002695092558860779
100,35300,0.21952621720731258
100,35400,0.2409129732847214
100,35500,0.2542145998775959
101,35552,0.002901831567287445
101,35652,0.23005122497677802
101,35752,0.2317945434898138
101,35852,0.258586089015007
102,35904,0.002229829132556915
102,36004,0.21937358483672142
102,36104,0.2306377708911896
102,36204,0.23483659274876117
103,36256,0.002062503695487976
103,36356,0.23127827748656274
103,36456,0.225873743891716
103,36556,0.2489235958456993
104,36608,0.003012797236442566
104,36708,0.2290862899273634
104,36808,0.23080360308289527
104,36908,0.25330458909273146
105,36960,0.0017073148488998414
105,37060,0.2138510649651289
105,37160,0.24653210915625096
105,37260,0.2380105423927307
106,37312,0.0029113620519638063
106,37412,0.21589094512164592
106,37512,0.23490665659308432
106,37612,0.23742168843746186
107,37664,0.0027025803923606873
107,37764,0.2146402958035469
107,37864,0.2367951503396034
107,37964,0.23776248030364514
108,38016,0.003534941077232361
108,38116,0.22573216527700424
108,38216,0.2426644018292427
108,38316,0.24593060806393624
109,38368,0.0026259741187095644
109,38468,0.2259504774212837
109,38568,0.23856498241424562
109,38668,0.23564437769353389
110,38720,0.0021953842043876647
110,38820,0.23061933606863022
110,38920,0.23455856129527092
110,39020,0.23154413647949695
111,39072,0.0024541397392749786
111,39172,0.21811651244759558
111,39272,0.2354608778655529
111,39372,0.25273468032479285
112,39424,0.0014668896794319153
112,39524,0.21082617439329623
112,39624,0.23651853941380976
112,39724,0.23815320275723934
113,39776,0.0025892814993858336
113,39876,0.22311234273016453
113,39976,0.23151408717036248
113,40076,0.23893410161137582
114,40128,0.0017640167474746705
114,40228,0.22809636548161508
114,40328,0.22664476275444032
114,40428,0.25276440173387527
115,40480,0.0024255567789077757
115,40580,0.21588076829910277
115,40680,0.2280841378122568
115,40780,0.24768332079052924
116,40832,0.003207072913646698
116,40932,0.2241767881810665
116,41032,0.23103208594024183
116,41132,0.23757849872112274
117,41184,0.0028617006540298463
117,41284,0.22120962008833886
117,41384,0.21688729844987392
117,41484,0.23495287880301474
118,41536,0.0028447192907333375
118,41636,0.2089746131002903
118,41736,0.24154350712895392
118,41836,0.2428451159596443
119,41888,0.0020737618207931517
119,41988,0.21739499762654305
119,42088,0.23246829010546208
119,42188,0.23600030303001404
120,42240,0.0022888292372226717
120,42340,0.20889064319431783
120,42440,0.2336673554778099
120,42540,0.23419574543833732
121,42592,0.0011245455592870713
121,42692,0.21498265713453293
121,42792,0.2375695439428091
121,42892,0.24049268618226052
122,42944,0.0018349848687648773
122,43044,0.22404749609529973
122,43144,0.23626390106976033
122,43244,0.21888607405126095
123,43296,0.002459567189216614
123,43396,0.21929636754095555
123,43496,0.23197256468236446
123,43596,0.23979660511016845
124,43648,0.0020405755937099456
124,43748,0.20620469003915787
124,43848,0.22722145169973373
124,43948,0.24406737014651297
125,44000,0.002685331106185913
125,44100,0.21205078423023224
125,44200,0.22526323109865187
125,44300,0.22845324732363223
126,44352,0.002957741618156433
126,44452,0.2192496018111706
126,44552,0.23324096828699112
126,44652,0.2319692015647888
127,44704,0.0020288103818893433
127,44804,0.20309970244765282
127,44904,0.2406498096883297
127,45004,0.2283876060694456
128,45056,0.001854742169380188
128,45156,0.22319368958473207
128,45256,0.21729121826589107
128,45356,0.2427026653289795
129,45408,0.002437859624624252
129,45508,0.2145249254256487
129,45608,0.23085271388292314
129,45708,0.22456701688468456
130,45760,0.002824388146400452
130,45860,0.2219826300442219
130,45960,0.22156052947044372
130,46060,0.23856755025684834
131,46112,0.001482890248298645
131,46212,0.20098298773169518
131,46312,0.2395281535387039
131,46412,0.23769549086689948
132,46464,0.002002539783716202
132,46564,0.21899157114326953
132,46664,0.22268899351358415
132,46764,0.23059829354286193
133,46816,0.0021998843550682066
133,46916,0.20972878262400627
133,47016,0.22396912775933742
133,47116,0.2311401130259037
134,47168,0.0028673216700553896
134,47268,0.22508459746837617
134,47368,0.22376782417297364
134,47468,0.23072206519544125
135,47520,0.0035502797365188597
135,47620,0.22785151742398738
135,47720,0.22176327623426914
135,47820,0.22765951819717883
136,47872,0.0015431082248687745
136,47972,0.202985822185874
136,48072,0.22891177669167517
136,48172,0.23604863561689854
137,48224,0.0020035161077976227
137,48324,0.2162270986288786
137,48424,0.2227636245638132
137,48524,0.23936083249747753
138,48576,0.0018980500102043151
138,48676,0.2138241195678711
138,48776,0.22361359931528568
138,48876,0.2272857940942049
139,48928,0.0011625804007053375
139,49028,0.20039227694272996
139,49128,0.22336583450436592
139,49228,0.23878069266676902
140,49280,0.001985621154308319
140,49380,0.2062251716852188
140,49480,0.22429256327450275
140,49580,0.23839415110647677
141,49632,0.0011169638484716416
141,49732,0.19734521672129632
141,49832,0.22401165120303632
141,49932,0.2380686604976654
142,49984,0.0018064460158348083
142,50084,0.2177890907973051
142,50184,0.21511768110096455
142,50284,0.23262790948152542
143,50336,0.001480388343334198
143,50436,0.2037171083688736
143,50536,0.23456504970788955
143,50636,0.22388277143239976
144,50688,0.0014158910512924194
144,50788,0.22370732173323632
144,50888,0.2296991614252329
144,50988,0.23388623610138892
145,51040,0.0025267907977104187
145,51140,0.21105847612023354
145,51240,0.2245190544426441
145,51340,0.23095465660095216
146,51392,0.0028861644864082337
146,51492,0.20626587741076946
146,51592,0.21272716909646988
146,51692,0.23900513112545013
147,51744,0.0015019479393959046
147,51844,0.20161031983792782
147,51944,0.21658476002514362
147,52044,0.22330741271376608
148,52096,0.002870250940322876
148,52196,0.21025821305811404
148,52296,0.2358678428083658
148,52396,0.21571144670248033
149,52448,0.0023842984437942505
149,52548,0.21406548947095871
149,52648,0.21734049797058105
149,52748,0.23485190108418463
150,52800,0.002274012565612793
150,52900,0.21611684516072274
150,53000,0.23166335940361024
150,53100,0.2253194871544838
151,53152,0.0021539245545864104
151,53252,0.20326031759381294
151,53352,0.21291668713092804
151,53452,0.21460895784199238
152,53504,0.0014237728714942932
152,53604,0.21325141333043576
152,53704,0.2229103848338127
152,53804,0.22355643093585967
153,53856,0.0026489922404289244
153,53956,0.20543054603040217
153,54056,0.23408658549189568
153,54156,0.22028449729084967
154,54208,0.0022095073759555816
154,54308,0.20561955206096172
154,54408,0.21832517117261888
154,54508,0.22531269490718842
155,54560,0.0021636079251766203
155,54660,0.19369799248874187
155,54760,0.21832798525691033
155,54860,0.23411464363336562
156,54912,0.0020379623770713806
156,55012,0.20096432626247407
156,55112,0.23430871859192848
156,55212,0.2149397049099207
157,55264,0.0017464973032474517
157,55364,0.20318570211529732
157,55464,0.21583057574927808
157,55564,0.2289942777901888
158,55616,0.0021382351219654083
158,55716,0.20495787382125855
158,55816,0.21696507915854454
158,55916,0.2176541215926409
159,55968,0.0022743894159793854
159,56068,0.21882047042250632
159,56168,0.22722870990633964
159,56268,0.2360542156547308
160,56320,0.002268843799829483
160,56420,0.20944346830248833
160,56520,0.22827758505940438
160,56620,0.21141228720545768
161,56672,0.0009731841087341308
161,56772,0.19859635896980762
161,56872,0.21178337790071963
161,56972,0.2205419259518385
162,57024,0.002011098861694336
162,57124,0.20610645987093448
162,57224,0.2166290585696697
162,57324,0.22981220699846744
163,57376,0.002938153445720673
163,57476,0.19643426030874253
163,57576,0.23026858389377594
163,57676,0.21826696448028088
164,57728,0.0018123550713062286
164,57828,0.20298102408647536
164,57928,0.21566668026149272
164,58028,0.21639051124453546
165,58080,0.001975264251232147
165,58180,0.19787537164986133
165,58280,0.2178476508706808
165,58380,0.22622717469930648
166,58432,0.0028465121984481813
166,58532,0.201483858525753
166,58632,0.22940623305737973
166,58732,0.22187960527837278
167,58784,0.0020677268505096434
167,58884,0.20158111050724983
167,58984,0.2140801441669464
167,59084,0.2315176209062338
168,59136,0.0025178313255310057
168,59236,0.20073850065469742
168,59336,0.21314554288983345
168,59436,0.22305806890130042
169,59488,0.0015800069272518158
169,59588,0.20080664843320847
169,59688,0.20510224036872388
169,59788,0.23554545126855372
170,59840,0.0013193388283252716
170,59940,0.21158773355185986
170,60040,0.2089932309836149
170,60140,0.21842600472271442
171,60192,0.0014640021324157715
171,60292,0.20871110014617444
171,60392,0.21744707316160203
171,60492,0.21470456466078758
172,60544,0.0010858972370624542
172,60644,0.20965926967561244
172,60744,0.21274000644683838
172,60844,0.22368400171399117
173,60896,0.0020247784256935118
173,60996,0.20905128613114357
173,61096,0.21610445857048036
173,61196,0.21598252534866333
174,61248,0.0029239413142204285
174,61348,0.20741259396076203
174,61448,0.2244935229420662
174,61548,0.21981206856667995
175,61600,0.002762393057346344
175,61700,0.19927937492728234
175,61800,0.21952944576740266
175,61900,0.2169962277263403
176,61952,0.0014938564598560332
176,62052,0.19829981438815594
176,62152,0.21787148028612136
176,62252,0.22371888034045695
177,62304,0.0025702005624771117
177,62404,0.20943137876689433
177,62504,0.21924709625542163
177,62604,0.221437476426363
178,62656,0.0019329683482646942
178,62756,0.20496220678091048
178,62856,0.21799310207366943
178,62956,0.22228702396154404
179,63008,0.002084648609161377
179,63108,0.2039966680109501
179,63208,0.2182546405494213
179,63308,0.2216799172013998
180,63360,0.0020444321632385252
180,63460,0.20606910958886146
180,63560,0.20956790551543236
180,63660,0.2077150506526232
181,63712,0.0022168357670307158
181,63812,0.21310478545725345
181,63912,0.19762313842773438
181,64012,0.2207528030872345
182,64064,0.002588964104652405
182,64164,0.20644685566425325
182,64264,0.20144219920039177
182,64364,0.21347327455878257
183,64416,0.0016637413203716277
183,64516,0.20869469009339808
183,64616,0.20890632398426534
183,64716,0.2167420370131731
184,64768,0.00257637619972229
184,64868,0.19653671257197858
184,64968,0.21170715674757956
184,65068,0.22111409328877926
185,65120,0.0014466789364814758
185,65220,0.20352006405591966
185,65320,0.204005908370018
185,65420,0.22039867185056208
186,65472,0.0020214124023914338
186,65572,0.19045460388064384
186,65672,0.2147066541016102
186,65772,0.21327843882143496
187,65824,0.0030683231353759765
187,65924,0.21967398315668107
187,66024,0.22139099575579166
187,66124,0.21705217331647872
188,66176,0.00115501269698143
188,66276,0.1987118662893772
188,66376,0.2242456032335758
188,66476,0.21352756395936012
189,66528,0.001836351752281189
189,66628,0.20512132339179515
189,66728,0.2020520593971014
189,66828,0.21775139622390272
190,66880,0.0021160151064395904
190,66980,0.2013000262528658
190,67080,0.2189321008324623
190,67180,0.21994061551988126
191,67232,0.0017622029781341553
191,67332,0.1997480506449938
191,67432,0.20885360099375247
191,67532,0.222575453966856
192,67584,0.0028316125273704527
192,67684,0.19954365082085132
192,67784,0.2127443253993988
192,67884,0.22878064826130867
193,67936,0.0012297433614730834
193,68036,0.19821795269846917
193,68136,0.20799686789512634
193,68236,0.21746665552258493
194,68288,0.0015790148079395294
194,68388,0.204140682592988
194,68488,0.2120799531042576
194,68588,0.2290314543247223
195,68640,0.0026803570985794068
195,68740,0.1962111297994852
195,68840,0.20890549898147584
195,68940,0.21922623686492443
196,68992,0.002194676697254181
196,69092,0.20243109069764614
196,69192,0.2191582704335451
196,69292,0.21966438636183738
197,69344,0.0021816302835941316
197,69444,0.20348217509686947
197,69544,0.1969143746048212
197,69644,0.21543524242937565
198,69696,0.0030139467120170594
198,69796,0.2075615331530571
198,69896,0.2029035919904709
198,69996,0.21604312635958195
199,70048,0.0013971662521362305
199,70148,0.20596413910388947
199,70248,0.20466267570853233
199,70348,0.21253375262022017
200,70400,0.0018959155678749085
200,70500,0.19568610325455665
200,70600,0.20840922132134437
200,70700,0.23033538311719895
201,70752,0.0013708579540252686
201,70852,0.1967682722955942
201,70952,0.20844512283802033
201,71052,0.21371370762586595
202,71104,0.0009986168146133422
202,71204,0.19197074376046658
202,71304,0.20916455201804637
202,71404,0.22498854443430902
203,71456,0.002125444710254669
203,71556,0.20341010101139545
203,71656,0.1999355262517929
203,71756,0.2220861642062664
204,71808,0.002822173535823822
204,71908,0.1915487390011549
204,72008,0.20749570339918136
204,72108,0.2259848989546299
205,72160,0.0024025262892246246
205,72260,0.2176079949736595
205,72360,0.20689914233982562
205,72460,0.20598190434277058
206,72512,0.001969379484653473
206,72612,0.20474257454276085
206,72712,0.19175448641180992
206,72812,0.22388635709881782
207,72864,0.0014660832285881041
207,72964,0.1947849228233099
207,73064,0.2055506607890129
207,73164,0.21285404287278653
208,73216,0.0019578693807125094
208,73316,0.20667620465159417
208,73416,0.20884082078933716
208,73516,0.20744362205266953
209,73568,0.002787802219390869
209,73668,0.20395871952176095
209,73768,0.20153966672718526
209,73868,0.21229172885417938
210,73920,0.0015372194349765778
210,74020,0.1992690958827734
210,74120,0.20237237758934498
210,74220,0.22061135850846766
211,74272,0.0014029563963413238
211,74372,0.2057336274534464
211,74472,0.2190830811858177
211,74572,0.20965345554053783
212,74624,0.0014064207673072815
212,74724,0.18461326360702515
212,74824,0.20232107743620872
212,74924,0.2142660503834486
213,74976,0.0013101698458194732
213,75076,0.1930073343962431
213,75176,0.202729928791523
213,75276,0.21263308838009834
214,75328,0.0014787332713603973
214,75428,0.18460886411368846
214,75528,0.191537711173296
214,75628,0.21799956686794758
215,75680,0.0017883899807929994
215,75780,0.1998720482736826
215,75880,0.20388072051107883
215,75980,0.2169354672729969
216,76032,0.0021074530482292175
216,76132,0.19017838701605796
216,76232,0.20071940071880817
216,76332,0.20354654721915721
217,76384,0.002966180443763733
217,76484,0.19697654522955418
217,76584,0.20205489456653594
217,76684,0.21503933236002923
218,76736,0.0015011252462863922
218,76836,0.1869319771230221
218,76936,0.20294236145913602
218,77036,0.21803275913000106
219,77088,0.0013833130896091462
219,77188,0.20281433634459972
219,77288,0.2131025582551956
219,77388,0.20244904659688473
220,77440,0.0022799427807331085
220,77540,0.1997519389539957
220,77640,0.20373627431690694
220,77740,0.20208746191114188
221,77792,0.0023560838401317594
221,77892,0.1909587701410055
221,77992,0.2150763526558876
221,78092,0.21885381311178206
222,78144,0.001804000735282898
222,78244,0.1970777340978384
222,78344,0.2110030896961689
222,78444,0.21498629845678807
223,78496,0.0014065465331077576
223,78596,0.2093699487298727
223,78696,0.20682079203426837
223,78796,0.21436169132590294
224,78848,0.002839345633983612
224,78948,0.19770105674862862
224,79048,0.2022121085226536
224,79148,0.217384971678257
225,79200,0.0017313188314437866
225,79300,0.19587805263698102
225,79400,0.20779021821916102
225,79500,0.2140456122905016
226,79552,0.0019840332865715027
226,79652,0.18246162183582781
226,79752,0.21128562182188035
226,79852,0.21979042299091817
227,79904,0.0019353674352169037
227,80004,0.18227923333644866
227,80104,0.20944099858403206
227,80204,0.21199572198092936
228,80256,0.0021380110085010527
228,80356,0.19695469222962855
228,80456,0.20091765701770783
228,80556,0.21351832531392576
229,80608,0.002034854292869568
229,80708,0.19473070845007898
229,80808,0.20014988332986833
229,80908,0.2000356601923704
230,80960,0.0018213510513305664
230,81060,0.19066450312733652
230,81160,0.2048543454706669
230,81260,0.2150771713256836
231,81312,0.0012514293193817139
231,81412,0.1819802249968052
231,81512,0.2062424525618553
231,81612,0.21734707549214363
232,81664,0.0013963228464126587
232,81764,0.19518486149609088
232,81864,0.1938877148926258
232,81964,0.21079856969416141
233,82016,0.0016544938087463378
233,82116,0.19738752037286758
233,82216,0.20212575942277908
233,82316,0.2071559626609087
234,82368,0.0014339464902877808
234,82468,0.1978146505355835
234,82568,0.2012167578935623
234,82668,0.22113021478056907
235,82720,0.0013651019334793091
235,82820,0.19328172385692596
235,82920,0.19304712511599065
235,83020,0.2038985987007618
236,83072,0.0019076572358608247
236,83172,0.19876593425869943
236,83272,0.19557968866080044
236,83372,0.20715068303048612
237,83424,0.001984667479991913
237,83524,0.19841269552707672
237,83624,0.18750509716570377
237,83724,0.21386181272566318
238,83776,0.0016595478355884551
238,83876,0.19453602753579616
238,83976,0.2044015472382307
238,84076,0.20952332355082035
239,84128,0.0023641642928123475
239,84228,0.18064369440078734
239,84328,0.20506934866309165
239,84428,0.21313058473169805
240,84480,0.000978529304265976
240,84580,0.18725704319775105
240,84680,0.18942381903529168
240,84780,0.20663960985839366
241,84832,0.0024084727466106414
241,84932,0.20219633542001247
241,85032,0.18758202821016312
241,85132,0.20962612010538578
242,85184,0.0014362049102783203
242,85284,0.19883593320846557
242,85384,0.2011001577973366
242,85484,0.20488653071224688
243,85536,0.0027098309993743895
243,85636,0.17943888284265996
243,85736,0.20870812147855758
243,85836,0.21246216416358948
244,85888,0.0020317886769771576
244,85988,0.18939805906265975
244,86088,0.19859996050596238
244,86188,0.21358939468860627
245,86240,0.0023300158977508545
245,86340,0.19173034876585007
245,86440,0.20420001804828644
245,86540,0.19609287284314633
246,86592,0.0020362038910388945
246,86692,0.19482030294835567
246,86792,0.20204597689211368
246,86892,0.2156790504604578
247,86944,0.003220570087432861
247,87044,0.1832515063136816
247,87144,0.19782345220446587
247,87244,0.19868859447538853
248,87296,0.0017947885394096375
248,87396,0.18443063855171205
248,87496,0.20398709319531919
248,87596,0.20758580029010773
249,87648,0.0015686318278312684
249,87748,0.1910849866271019
249,87848,0.19495919920504093
249,87948,0.2071096732467413
250,88000,0.001443622261285782
250,88100,0.1527291291952133
250,88200,0.12567501723766328
250,88300,0.11519397631287574
251,88352,0.0008602982014417649
251,88452,0.10349891189485788
251,88552,0.09839989982545376
251,88652,0.09162823256105185
252,88704,0.00034241069108247756
252,88804,0.09111886218190193
252,88904,0.09285473886877299
252,89004,0.08649065908044577
253,89056,0.0007146402448415756
253,89156,0.07837878588587045
253,89256,0.0820732756331563
253,89356,0.07901858238503337
254,89408,0.00034745968878269196
254,89508,0.07516065116971732
254,89608,0.07321159245446324
254,89708,0.07868270296603441
255,89760,0.0004887133091688157
255,89860,0.06626636454835534
255,89960,0.07038926526904106
255,90060,0.06773961275815964
256,90112,0.000579243116080761
256,90212,0.06824217677116394
256,90312,0.06560645192861557
256,90412,0.06245928458869457
257,90464,0.0004996635764837265
257,90564,0.06355084631592035
257,90664,0.06250500321388244
257,90764,0.06405236218124628
258,90816,0.000437951385974884
258,90916,0.06039364974945784
258,91016,0.058819807078689335
258,91116,0.06073591893538833
259,91168,0.00024408318102359772
259,91268,0.05578533433377743
259,91368,0.056985887382179495
259,91468,0.06050581246614456
260,91520,0.00035113777965307236
260,91620,0.054216303080320355
260,91720,0.05476814452558756
260,91820,0.05057878339663148
261,91872,0.0004018829390406609
261,91972,0.05152266450226307
261,92072,0.054129465334117416
261,92172,0.057167907729744914
262,92224,0.0004280410334467888
262,92324,0.048171803429722784
262,92424,0.054521452691406014
262,92524,0.052142911180853846
263,92576,0.00045838095247745513
263,92676,0.04963603330776095
263,92776,0.05013145390897989
263,92876,0.049176059179008004
264,92928,0.0006220182031393051
264,93028,0.04911716854199767
264,93128,0.04692397532984614
264,93228,0.04830129820853472
265,93280,0.00039421100169420245
265,93380,0.04432218113914132
265,93480,0.04767980296164751
265,93580,0.045160718448460105
266,93632,0.0001574273407459259
266,93732,0.04584214948117733
266,93832,0.04801571985706687
266,93932,0.045442979112267495
267,93984,0.0005163926631212235
267,94084,0.04002427529543638
267,94184,0.0441803246177733
267,94284,0.04424319176003337
268,94336,0.00028959430754184725
268,94436,0.042417691722512245
268,94536,0.04259678669273853
268,94636,0.043279495704919096
269,94688,0.000274822786450386
269,94788,0.0394579485245049
269,94888,0.04126422181725502
269,94988,0.04262320581823587
270,95040,0.0004174993932247162
270,95140,0.04321793280541897
270,95240,0.04393267495557666
270,95340,0.03969728857278824
271,95392,0.0005416734144091606
271,95492,0.04029314011335373
271,95592,0.041373785715550185
271,95692,0.04148673675954342
272,95744,0.00035499803721904754
272,95844,0.03770269123837352
272,95944,0.04102396981790662
272,96044,0.042926696315407756
273,96096,0.00036439910531044006
273,96196,0.03613098448142409
273,96296,0.03811159139499068
273,96396,0.03861444879323244
274,96448,0.00015519063919782638
274,96548,0.03795454835519194
274,96648,0.03974164381623268
274,96748,0.03674918930977583
275,96800,0.00015541281551122665
275,96900,0.0354550844244659
275,97000,0.03273706635460258
275,97100,0.036305456049740316
276,97152,0.0007240260392427445
276,97252,0.03660998478531838
276,97352,0.0376768440566957
276,97452,0.0359970204718411
277,97504,0.0004117370769381523
277,97604,0.03408849431201816
277,97704,0.03269456686452031
277,97804,0.03777893897145987
278,97856,0.0004008479416370392
278,97956,0.03573139019310474
278,98056,0.03379373751580715
278,98156,0.0357063565403223
279,98208,0.00039977550506591796
279,98308,0.035650228094309566
279,98408,0.03648953642696142
279,98508,0.03809736240655184
280,98560,0.0004241231083869934
280,98660,0.03708184309303761
280,98760,0.031507768221199516
280,98860,0.033725224900990725
281,98912,0.0002722631022334099
281,99012,0.03396817395463586
281,99112,0.0318929984793067
281,99212,0.031542852893471716
282,99264,0.0003232990577816963
282,99364,0.03209191603586078
282,99464,0.032270971965044734
282,99564,0.030535815712064505
283,99616,0.0004240797832608223
283,99716,0.03067940104752779
283,99816,0.03210404390469193
283,99916,0.03382929787039757
284,99968,0.00027175955474376676
284,100068,0.03218695042654872
284,100168,0.029812424946576356
284,100268,0.03219544941559434
285,100320,0.00014215890318155288
285,100420,0.029010124579071997
285,100520,0.030688620079308747
285,100620,0.031736402343958615
286,100672,0.00014653269201517105
286,100772,0.028467624820768832
286,100872,0.030321189872920512
286,100972,0.028826527297496796
287,101024,0.00024185646325349807
287,101124,0.028039370384067296
287,101224,0.03131594765931368
287,101324,0.029334421176463364
288,101376,0.000346997007727623
288,101476,0.026263348814100026
288,101576,0.02899738950654864
288,101676,0.02901574892923236
289,101728,0.00010997802019119263
289,101828,0.02760795524343848
289,101928,0.029470511116087436
289,102028,0.03040672419592738
290,102080,0.00022093068808317183
290,102180,0.0298985905200243
290,102280,0.02814870236441493
290,102380,0.026525855902582406
291,102432,0.0004667763411998749
291,102532,0.02824987653642893
291,102632,0.029688081946223976
291,102732,0.029744188226759435
292,102784,0.00021521056070923804
292,102884,0.0269681029766798
292,102984,0.030949586294591425
292,103084,0.0318422263301909
293,103136,0.00023499395698308944
293,103236,0.026617899872362613
293,103336,0.025685874186456202
293,103436,0.027436896041035653
294,103488,0.00038254253566265105
294,103588,0.02790104189887643
294,103688,0.02758786553516984
294,103788,0.027220226544886827
295,103840,0.0003738188743591309
295,103940,0.02359439367428422
295,104040,0.02576761856675148
295,104140,0.025421062707901
296,104192,0.00015168044716119768
296,104292,0.02633284781128168
296,104392,0.027888105325400828
296,104492,0.029683234468102455
297,104544,0.0003841576725244522
297,104644,0.022415955401957035
297,104744,0.025289566610008477
297,104844,0.026030012611299752
298,104896,0.00017463497817516327
298,104996,0.023343529310077427
298,105096,0.03132788792252541
298,105196,0.0265428433008492
299,105248,8.224446326494218e-05
299,105348,0.028245375547558068
299,105448,0.028150697816163302
299,105548,0.026326019763946534
300,105600,0.0006161478534340858
300,105700,0.025769857242703437
300,105800,0.025720684584230186
300,105900,0.025423289500176905
301,105952,0.0003490622341632843
301,106052,0.02436793765053153
301,106152,0.026969406735152007
301,106252,0.025883180871605873
302,106304,0.00014953922480344771
302,106404,0.023480933029204606
302,106504,0.026963378600776196
302,106604,0.02538061762228608
303,106656,0.00015933986753225327
303,106756,0.024717492163181306
303,106856,0.023540582451969386
303,106956,0.027078412547707556
304,107008,0.00025245383381843566
304,107108,0.023850701451301574
304,107208,0.026245672311633824
304,107308,0.02595981813967228
305,107360,0.00019685175269842147
305,107460,0.02245548438280821
305,107560,0.02414904734119773
305,107660,0.027775872964411974
306,107712,0.00019677098840475082
306,107812,0.02244640877470374
306,107912,0.024837913308292627
306,108012,0.026856522355228663
307,108064,0.0004974411055445671
307,108164,0.02728808207437396
307,108264,0.024565214812755583
307,108364,0.028331370465457438
308,108416,0.00014095108956098555
308,108516,0.023539512865245343
308,108616,0.02284486498683691
308,108716,0.024820578303188085
309,108768,0.0002611260116100311
309,108868,0.022914933916181327
309,108968,0.024549599438905716
309,109068,0.025406083725392818
310,109120,0.0002873175218701363
310,109220,0.024902236834168433
310,109320,0.02230449104681611
310,109420,0.0261004538461566
311,109472,0.00019268356263637542
311,109572,0.022202302888035774
311,109672,0.02317519875243306
311,109772,0.02279339674860239
312,109824,0.0002924841269850731
312,109924,0.01869519453495741
312,110024,0.022286540754139425
312,110124,0.023990927878767252
313,110176,0.0002988982945680618
313,110276,0.02445917159318924
313,110376,0.022049930598586797
313,110476,0.022426873706281186
314,110528,0.00026459332555532454
314,110628,0.023219422716647387
314,110728,0.02221855491399765
314,110828,0.023237180430442095
315,110880,8.221942931413651e-05
315,110980,0.022930871695280075
315,111080,0.026830382235348223
315,111180,0.02285504972562194
316,111232,0.0003339192643761635
316,111332,0.023703850749880077
316,111432,0.023290771059691906
316,111532,0.02518088884651661
317,111584,0.0003790801018476486
317,111684,0.023295433558523655
317,111784,0.02168468838557601
317,111884,0.02328954542055726
318,111936,0.00024494878947734834
318,112036,0.02308561023324728
318,112136,0.02243203140795231
318,112236,0.025886111501604317
319,112288,0.00024629414081573487
319,112388,0.022761605475097896
319,112488,0.021962863747030496
319,112588,0.022565320655703543
320,112640,0.0001554032787680626
320,112740,0.02491533398628235
320,112840,0.02467655386775732
320,112940,0.02531411150470376
321,112992,0.00018570426851511002
321,113092,0.02145147807896137
321,113192,0.023587156757712363
321,113292,0.0221698104031384
322,113344,2.9004886746406554e-05
322,113444,0.020435198713093995
322,113544,0.02196746040135622
322,113644,0.024522369410842657
323,113696,0.00019753318279981614
323,113796,0.022991220243275167
323,113896,0.023200221192091704
323,113996,0.023987578377127648
324,114048,0.0005278057605028152
324,114148,0.024792572762817145
324,114248,0.020646513011306523
324,114348,0.024350931365042926
325,114400,0.000242602676153183
325,114500,0.021615262273699046
325,114600,0.0245040531642735
325,114700,0.022577535826712847
326,114752,5.875911563634873e-05
326,114852,0.02109946243464947
326,114952,0.02204047128558159
326,115052,0.021205260567367077
327,115104,0.0003191207349300385
327,115204,0.023333539869636297
327,115304,0.020958627443760633
327,115404,0.02231307724490762
328,115456,7.647860795259476e-05
328,115556,0.021061055436730383
328,115656,0.02248572889715433
328,115756,0.018918357770889998
329,115808,5.3504444658756255e-05
329,115908,0.01997749051079154
329,116008,0.02314871035516262
329,116108,0.019951813817024232
330,116160,0.00015148576349020005
330,116260,0.022697006836533546
330,116360,0.019965462405234575
330,116460,0.023545073457062245
331,116512,0.0002704867348074913
331,116612,0.02141688210889697
331,116712,0.02323674852028489
331,116812,0.020402098521590233
332,116864,9.503602981567383e-05
332,116964,0.02213167030364275
332,117064,0.024706127215176822
332,117164,0.021712996661663056
333,117216,0.00010786756873130798
333,117316,0.020652634166181086
333,117416,0.020508401188999416
333,117516,0.020129778180271386
334,117568,0.00010527875274419784
334,117668,0.021948759257793427
334,117768,0.023284832760691643
334,117868,0.022434252314269543
335,117920,6.524860858917237e-05
335,118020,0.02053887438029051
335,118120,0.02029799437150359
335,118220,0.022328190095722674
336,118272,0.00023763533681631088
336,118372,0.020772770438343288
336,118472,0.022089241687208414
336,118572,0.023225239776074887
337,118624,0.000180790014564991
337,118724,0.021699960492551327
337,118824,0.021623665522783993
337,118924,0.02161755448207259
338,118976,0.0005899771302938461
338,119076,0.01972339814528823
338,119176,0.024325909800827505
338,119276,0.02283678198233247
339,119328,9.984612464904786e-05
339,119428,0.020201406851410867
339,119528,0.01886274656280875
339,119628,0.021539494078606367
340,119680,0.00011840205639600754
340,119780,0.02054135812446475
340,119880,0.02061472039669752
340,119980,0.02216015188023448
341,120032,4.509955644607544e-05
341,120132,0.02300294555723667
341,120232,0.020913141071796416
341,120332,0.02621105346828699
342,120384,0.00014901015907526016
342,120484,0.02297303020954132
342,120584,0.02170003781095147
342,120684,0.026877398006618022
343,120736,0.00016767203807830812
343,120836,0.020811477452516557
343,120936,0.021742233205586672
343,121036,0.021743390299379824
344,121088,0.00010100215673446656
344,121188,0.02069799218326807
344,121288,0.02294835040345788
344,121388,0.02229902010411024
345,121440,0.0003090783581137657
345,121540,0.019625769685953854
345,121640,0.02108818620443344
345,121740,0.02188155587762594
346,121792,5.5411607027053835e-05
346,121892,0.02010201647877693
346,121992,0.02578818142414093
346,122092,0.020711775571107864
347,122144,0.0005318848416209221
347,122244,0.020392237640917302
347,122344,0.02358655886724591
347,122444,0.024431697875261307
348,122496,0.0002238824963569641
348,122596,0.023495554458349943
348,122696,0.020261857341974974
348,122796,0.02263792909681797
349,122848,0.0001642465963959694
349,122948,0.020911028403788806
349,123048,0.021398793123662472
349,123148,0.021570542342960835
350,123200,3.960400819778443e-05
350,123300,0.021126248072832823
350,123400,0.02117237377911806
350,123500,0.021140317302197217
351,123552,0.0001161743700504303
351,123652,0.023409161977469922
351,123752,0.022200356852263212
351,123852,0.021115035079419614
352,123904,0.0001815434917807579
352,124004,0.021559717766940593
352,124104,0.02383021667599678
352,124204,0.02377617172896862
353,124256,3.717217594385147e-05
353,124356,0.02197768334299326
353,124456,0.02095281209796667
353,124556,0.022302541136741637
354,124608,0.0005156136304140091
354,124708,0.021809496749192477
354,124808,0.020000884607434273
354,124908,0.02017997846007347
355,124960,0.00017967112362384796
355,125060,0.021181176882237196
355,125160,0.022753816675394774
355,125260,0.023688350655138492
356,125312,0.00038992207497358323
356,125412,0.02251024678349495
356,125512,0.022234763987362384
356,125612,0.02185397915542126
357,125664,0.00016363214701414108
357,125764,0.021452138256281613
357,125864,0.018736588545143606
357,125964,0.024564181976020335
358,126016,0.00023991581052541734
358,126116,0.020671024974435567
358,126216,0.02053921762853861
358,126316,0.023077999856323004
359,126368,0.00025377769023180005
359,126468,0.02283958764746785
359,126568,0.020687472894787787
359,126668,0.023469190038740637
360,126720,0.00018110543489456178
360,126820,0.026878011897206306
360,126920,0.027120472621172665
360,127020,0.020870480742305516
361,127072,0.00017332378774881363
361,127172,0.0205120831169188
361,127272,0.023119318913668394
361,127372,0.02362118324264884
362,127424,0.00019577115774154662
362,127524,0.022116656433790922
362,127624,0.023347199764102697
362,127724,0.021950164772570134
363,127776,5.764119327068329e-05
363,127876,0.01965354321524501
363,127976,0.023665970526635646
363,128076,0.024423151332885026
364,128128,0.0002522285282611847
364,128228,0.0224158825725317
364,128328,0.02228220347315073
364,128428,0.022972234636545182
365,128480,6.847914308309555e-05
365,128580,0.024634589608758688
365,128680,0.022760145757347347
365,128780,0.024980330634862186
366,128832,0.00028379492461681364
366,128932,0.024346901178359984
366,129032,0.02417988806962967
366,129132,0.02550868596881628
367,129184,6.0851573944091794e-05
367,129284,0.021564899086952208
367,129384,0.020845980364829302
367,129484,0.022246889285743237
368,129536,0.00010534916073083878
368,129636,0.023154057431966066
368,129736,0.025781831871718168
368,129836,0.02337441558018327
369,129888,0.00027912599965929986
369,129988,0.021533324923366307
369,130088,0.022078665122389794
369,130188,0.020600013472139835
370,130240,5.372080951929092e-05
370,130340,0.022811762038618327
370,130440,0.02178128644824028
370,130540,0.02445749845355749
371,130592,0.00017525851726531982
371,130692,0.02089642724022269
371,130792,0.024796597231179475
371,130892,0.02658144123852253
372,130944,0.0001714741438627243
372,131044,0.023591352850198744
372,131144,0.023244192376732826
372,131244,0.021951196044683458
373,131296,0.00016718965023756026
373,131396,0.022816478461027145
373,131496,0.02185356255620718
373,131596,0.02238497054204345
374,131648,0.0003171311691403389
374,131748,0.02077665027230978
374,131848,0.021073624696582555
374,131948,0.024608163964003324
375,132000,0.00015201181173324585
375,132100,0.020706987790763378
375,132200,0.01780046407133341
375,132300,0.016992159951478243
376,132352,7.140118628740311e-05
376,132452,0.015684185195714236
376,132552,0.01523400567471981
376,132652,0.013316661771386861
377,132704,0.00023054037243127823
377,132804,0.013821342159062625
377,132904,0.014669108223170042
377,133004,0.013293563444167376
378,133056,0.00015484869480133056
378,133156,0.013864656817167998
378,133256,0.014716708976775407
378,133356,0.011783344522118568
379,133408,0.00010920386761426925
379,133508,0.013026067353785038
379,133608,0.013662895243614913
379,133708,0.01240191224962473
380,133760,9.86047089099884e-05
380,133860,0.011969604752957821
380,133960,0.012514547705650329
380,134060,0.012461793683469296
381,134112,0.00012092508375644684
381,134212,0.012842188328504563
381,134312,0.012645318061113358
381,134412,0.011619698740541935
382,134464,3.182757645845413e-05
382,134564,0.013011238854378462
382,134664,0.01040749927982688
382,134764,0.01219554927200079
383,134816,0.00011592462658882141
383,134916,0.012155246902257204
383,135016,0.011866100560873748
383,135116,0.011907149199396371
384,135168,3.754790872335434e-05
384,135268,0.010738587230443955
384,135368,0.011356037277728319
384,135468,0.011467338800430297
385,135520,0.00016799744218587876
385,135620,0.01121067913249135
385,135720,0.010602860935032368
385,135820,0.011281838715076447
386,135872,5.403243005275726e-05
386,135972,0.010078018605709076
386,136072,0.01008846601471305
386,136172,0.011729876156896352
387,136224,7.031366229057312e-05
387,136324,0.009693833794444799
387,136424,0.011542077846825123
387,136524,0.011290040053427219
388,136576,0.00014493916183710097
388,136676,0.010416838936507702
388,136776,0.011930283792316913
388,136876,0.009280934911221266
389,136928,4.694148898124695e-05
389,137028,0.011596554107964039
389,137128,0.01125881465151906
389,137228,0.0103454121761024
390,137280,0.00012837287038564683
390,137380,0.011207436546683311
390,137480,0.009209294021129608
390,137580,0.009882761240005493
391,137632,3.848671913146973e-05
391,137732,0.01174290718510747
391,137832,0.009368451107293367
391,137932,0.011891810335218906
392,137984,8.128751069307328e-05
392,138084,0.010438624490052461
392,138184,0.009508202075958252
392,138284,0.010416406597942114
393,138336,0.00018693380057811738
393,138436,0.010045163352042436
393,138536,0.010615353919565678
393,138636,0.009682144112884998
394,138688,3.992777317762375e-05
394,138788,0.009218795895576478
394,138888,0.009353420194238425
394,138988,0.009625911209732295
395,139040,0.00013526353985071182
395,139140,0.0083656195551157
395,139240,0.010656188912689686
395,139340,0.009717203844338655
396,139392,3.528587520122528e-05
396,139492,0.00928499810397625
396,139592,0.010519153606146574
396,139692,0.010196329299360514
397,139744,4.3604336678981784e-05
397,139844,0.009063682649284602
397,139944,0.009279380943626165
397,140044,0.009325902964919806
398,140096,6.587054580450059e-05
398,140196,0.010241523422300815
398,140296,0.010349636152386665
398,140396,0.008124346397817134
399,140448,7.504731416702271e-05
399,140548,0.010156770572066307
399,140648,0.008689168207347393
399,140748,0.01037340832874179
400,140800,4.1139833629131315e-05
400,140900,0.00954566802829504
400,141000,0.00848198525607586
400,141100,0.009195698332041502
401,141152,3.4176819026470186e-05
401,141252,0.010069066639989615
401,141352,0.009108041152358056
401,141452,0.009526328090578318
402,141504,7.04868882894516e-05
402,141604,0.009657881315797567
402,141704,0.009059840627014638
402,141804,0.008893752787262201
403,141856,8.810974657535553e-05
403,141956,0.009937639348208904
403,142056,0.008852512277662754
403,142156,0.008780007995665074
404,142208,3.565710037946701e-05
404,142308,0.00941177511587739
404,142408,0.009619988091289998
404,142508,0.009705163650214671
405,142560,0.00014969244599342347
405,142660,0.009014556687325238
405,142760,0.009706013668328524
405,142860,0.009867059476673603
406,142912,6.0625672340393066e-05
406,143012,0.00996147969737649
406,143112,0.008702292870730162
406,143212,0.009485520608723163
407,143264,0.00015200771391391755
407,143364,0.008191881161183119
407,143464,0.008479315247386694
407,143564,0.008303468711674214
408,143616,2.2898875176906585e-05
408,143716,0.008523057028651238
408,143816,0.00883060611784458
408,143916,0.008558081313967705
409,143968,4.2230188846588134e-05
409,144068,0.00930850375443697
409,144168,0.008740547765046357
409,144268,0.008829298578202725
410,144320,3.219522535800934e-05
410,144420,0.009317874014377593
410,144520,0.00939154665917158
410,144620,0.007859127763658762
411,144672,2.0243190228939056e-05
411,144772,0.006927750483155251
411,144872,0.009576255679130554
411,144972,0.009411330260336399
412,145024,3.746815025806427e-05
412,145124,0.009866328667849303
412,145224,0.008362172152847052
412,145324,0.008455793634057044
413,145376,3.56866791844368e-05
413,145476,0.008797938395291567
413,145576,0.008142369203269481
413,145676,0.007986798584461212
414,145728,4.852399230003357e-05
414,145828,0.008744710385799407
414,145928,0.008790284749120475
414,146028,0.008497196938842535
415,146080,2.6540756225585936e-05
415,146180,0.009778670575469732
415,146280,0.008211473803967237
415,146380,0.008545774966478348
416,146432,3.101915121078491e-05
416,146532,0.008506071474403142
416,146632,0.008709912095218897
416,146732,0.009409961067140102
417,146784,4.720762372016907e-05
417,146884,0.0085085772536695
417,146984,0.00834533030167222
417,147084,0.008736852928996086
418,147136,0.00024712786078453066
418,147236,0.008324162308126689
418,147336,0.007890581339597701
418,147436,0.009374392200261355
419,147488,1.8753223121166228e-05
419,147588,0.008451245240867138
419,147688,0.009361971262842416
419,147788,0.008344547897577286
420,147840,6.492067128419876e-05
420,147940,0.009560186527669429
420,148040,0.009051948748528958
420,148140,0.009769469555467368
421,148192,8.225828409194947e-05
421,148292,0.00812862979248166
421,148392,0.009025875888764858
421,148492,0.007739869635552168
422,148544,5.687348544597626e-05
422,148644,0.007899403925985099
422,148744,0.008444447610527277
422,148844,0.009788778368383646
423,148896,9.601470082998276e-05
423,148996,0.008256919458508491
423,149096,0.007766830120235681
423,149196,0.00957424508407712
424,149248,0.0001390369236469269
424,149348,0.007920753490179778
424,149448,0.00892456592991948
424,149548,0.008861442990601064
425,149600,2.0411834120750428e-05
425,149700,0.00834961947053671
425,149800,0.008934083450585604
425,149900,0.007684925012290478
426,149952,0.00017622299492359161
426,150052,0.009409984555095435
426,150152,0.008022194039076566
426,150252,0.008167216684669257
427,150304,6.829340010881424e-05
427,150404,0.007491200249642133
427,150504,0.008555905427783728
427,150604,0.007110982518643141
428,150656,4.481520503759384e-05
428,150756,0.008526333905756474
428,150856,0.00850927647203207
428,150956,0.009492532927542924
429,151008,3.741484135389328e-05
429,151108,0.00778023574501276
429,151208,0.008352822866290808
429,151308,0.007691465057432651
430,151360,9.205680340528489e-05
430,151460,0.00808186737820506
430,151560,0.00814943116158247
430,151660,0.007740377709269524
431,151712,0.0001773550733923912
431,151812,0.00766244538128376
431,151912,0.00873580103740096
431,152012,0.008038603272289037
432,152064,3.7814751267433165e-05
432,152164,0.006599769089370966
432,152264,0.009832998588681221
432,152364,0.009197674728929996
433,152416,5.119413137435913e-05
433,152516,0.007941038440912962
433,152616,0.008265360426157713
433,152716,0.008802312258630991
434,152768,4.1307881474494934e-05
434,152868,0.008207083158195018
434,152968,0.008032109197229147
434,153068,0.008170134238898754
435,153120,2.818681299686432e-05
435,153220,0.00875634841620922
435,153320,0.007406727187335491
435,153420,0.008171952441334724
436,153472,3.147456794977188e-05
436,153572,0.007672035377472639
436,153672,0.0077662809751927854
436,153772,0.008599894735962153
437,153824,9.82627272605896e-06
437,153924,0.007405133713036776
437,154024,0.0078116487711668015
437,154124,0.00794547751545906
438,154176,6.266452372074128e-05
438,154276,0.009505258779972792
438,154376,0.007664820477366448
438,154476,0.007647443097084761
439,154528,4.778660833835602e-05
439,154628,0.007062763907015324
439,154728,0.007902394086122512
439,154828,0.008566488176584244
440,154880,3.493975847959518e-05
440,154980,0.007503403667360544
440,155080,0.008284457568079233
440,155180,0.00767829516902566
441,155232,0.00015232406556606293
441,155332,0.006879836060106754
441,155432,0.008312868662178516
441,155532,0.0072958734631538395
442,155584,0.0001511727087199688
442,155684,0.007304804511368275
442,155784,0.0076430999301373955
442,155884,0.007980023194104433
443,155936,6.928682327270508e-05
443,156036,0.00737911194562912
443,156136,0.007842557299882173
443,156236,0.007236286830157042
444,156288,1.438535749912262e-05
444,156388,0.007606415133923292
444,156488,0.007769582197070122
444,156588,0.008474774044007063
445,156640,0.00013998586684465408
445,156740,0.008289209213107824
445,156840,0.007764655128121376
445,156940,0.00720760865136981
446,156992,0.00015135083347558975
446,157092,0.007615812607109546
446,157192,0.007545993346720934
446,157292,0.00743183208629489
447,157344,4.967767745256424e-05
447,157444,0.0072317317686975005
447,157544,0.00840208239853382
447,157644,0.006920666433870792
448,157696,3.3975727856159213e-05
448,157796,0.008513662461191417
448,157896,0.007081409469246864
448,157996,0.006510366704314947
449,158048,6.969667971134186e-05
449,158148,0.006918840706348419
449,158248,0.008275366965681314
449,158348,0.006457205675542354
450,158400,6.402049213647842e-05
450,158500,0.007169102150946856
450,158600,0.008821238465607166
450,158700,0.007926929965615273
451,158752,1.6327351331710816e-05
451,158852,0.006893257349729538
451,158952,0.006857675146311522
451,159052,0.007355361804366111
452,159104,4.382163286209107e-05
452,159204,0.007495084032416344
452,159304,0.007877524681389332
452,159404,0.007928316108882427
453,159456,8.37407261133194e-05
453,159556,0.007274979706853629
453,159656,0.00719035217538476
453,159756,0.007010142263025046
454,159808,0.00018722448498010636
454,159908,0.006433625016361475
454,160008,0.008384342901408673
454,160108,0.007964477818459272
455,160160,9.231375530362129e-05
455,160260,0.007328245863318443
455,160360,0.006975559666752815
455,160460,0.008214062713086605
456,160512,4.907980561256409e-05
456,160612,0.006922480333596468
456,160712,0.007206281665712595
456,160812,0.007850908506661654
457,160864,6.682749837636947e-05
457,160964,0.0072184749320149426
457,161064,0.00817058129236102
457,161164,0.008138301819562911
458,161216,1.9648224115371703e-05
458,161316,0.007379455883055925
458,161416,0.007322636097669601
458,161516,0.007798190303146839
459,161568,1.663200557231903e-05
459,161668,0.007271604724228382
459,161768,0.006569223012775183
459,161868,0.007692423891276121
460,161920,1.5388093888759613e-05
460,162020,0.0075104526989161965
460,162120,0.007299994416534901
460,162220,0.007661351636052131
461,162272,4.2357966303825375e-05
461,162372,0.007503343988209963
461,162472,0.00752926915884018
461,162572,0.008394585866481065
462,162624,5.688648670911789e-05
462,162724,0.006181317586451769
462,162824,0.0066284481063485145
462,162924,0.007141168788075447
463,162976,0.00010500550270080567
463,163076,0.00812771150842309
463,163176,0.00821021554991603
463,163276,0.006870501674711704
464,163328,4.344508051872254e-05
464,163428,0.006851492747664452
464,163528,0.008249593991786241
464,163628,0.006906542144715786
465,163680,8.729234337806702e-05
465,163780,0.006991229504346847
465,163880,0.006945093255490064
465,163980,0.008227173611521721
466,164032,0.000165029875934124
466,164132,0.0055330451484769585
466,164232,0.005972922034561634
466,164332,0.007961703799664974
467,164384,2.428453415632248e-05
467,164484,0.0073319532349705695
467,164584,0.007983459290117026
467,164684,0.007436698526144028
468,164736,5.2245520055294034e-05
468,164836,0.008148328829556704
468,164936,0.007150199636816979
468,165036,0.006801446210592985
469,165088,9.533196687698364e-05
469,165188,0.006761589106172323
469,165288,0.0072156785614788535
469,165388,0.006621685344725847
470,165440,0.00020425397902727128
470,165540,0.007284637372940779
470,165640,0.007083887811750174
470,165740,0.007617004830390215
471,165792,2.791985869407654e-05
471,165892,0.007227571327239275
471,165992,0.00733708530664444
471,166092,0.007040602825582027
472,166144,4.927687346935272e-05
472,166244,0.008111499100923538
472,166344,0.0074897025898098945
472,166444,0.006875785067677498
473,166496,5.972720682621002e-05
473,166596,0.007855162620544434
473,166696,0.00795136509463191
473,166796,0.007655401546508074
474,166848,3.700431436300278e-05
474,166948,0.007904365826398134
474,167048,0.0073587286844849584
474,167148,0.0074047399125993256
475,167200,4.908163100481033e-05
475,167300,0.008132451996207237
475,167400,0.006510639879852533
475,167500,0.007394069414585829
476,167552,2.494588494300842e-05
476,167652,0.006948780659586191
476,167752,0.007717394847422838
476,167852,0.007253197096288204
477,167904,5.027350038290024e-05
477,168004,0.008102003335952759
477,168104,0.00640746733173728
477,168204,0.006824701745063067
478,168256,5.112648010253906e-05
478,168356,0.007050889637321233
478,168456,0.006234497297555208
478,168556,0.007038667872548103
479,168608,6.696760654449463e-05
479,168708,0.0065225097164511685
479,168808,0.007100402992218733
479,168908,0.006749962791800499
480,168960,1.7206408083438875e-05
480,169060,0.006725498326122761
480,169160,0.006676902882754803
480,169260,0.007039928883314133
481,169312,5.393307656049728e-05
481,169412,0.007272781655192375
481,169512,0.0073267675563693044
481,169612,0.007913471218198537
482,169664,5.3097307682037356e-05
482,169764,0.006730804108083248
482,169864,0.006826814394444227
482,169964,0.0071879556961357595
483,170016,3.789577633142471e-05
483,170116,0.007507501412183046
483,170216,0.00741784518584609
483,170316,0.007103482987731695
484,170368,0.0002630237489938736
484,170468,0.006795237772166729
484,170568,0.0070058292150497435
484,170668,0.007170309890061617
485,170720,4.079025238752365e-05
485,170820,0.006933511178940535
485,170920,0.007043254636228085
485,171020,0.007459370922297239
486,171072,3.191135823726654e-05
486,171172,0.006907129306346178
486,171272,0.006440290734171867
486,171372,0.007195810712873936
487,171424,2.596195787191391e-05
487,171524,0.006946845538914203
487,171624,0.006009887158870697
487,171724,0.006498639918863774
488,171776,3.5991594195365906e-05
488,171876,0.00680717159062624
488,171976,0.007356936447322369
488,172076,0.007039440236985684
489,172128,2.0288825035095214e-05
489,172228,0.007116952408105135
489,172328,0.007893353048712016
489,172428,0.007059053611010313
490,172480,5.438454449176788e-05
490,172580,0.00680439306423068
490,172680,0.007622437663376331
490,172780,0.006915085669606924
491,172832,2.497676759958267e-05
491,172932,0.006545811742544174
491,173032,0.006379110477864742
491,173132,0.006774183679372072
492,173184,0.00017903555184602737
492,173284,0.006513897329568863
492,173384,0.007743422091007233
492,173484,0.006324317157268524
493,173536,1.8213167786598207e-05
493,173636,0.006966611035168171
493,173736,0.0063436140678823
493,173836,0.00666901059448719
494,173888,5.9524811804294585e-05
494,173988,0.007360664289444685
494,174088,0.006377076804637909
494,174188,0.006365977674722672
495,174240,3.594346344470978e-05
495,174340,0.007078544292598962
495,174440,0.0062480512447655205
495,174540,0.006571225970983505
496,174592,2.2984929382801057e-05
496,174692,0.006844434328377247
496,174792,0.007086294293403625
496,174892,0.006632271353155374
497,174944,3.174763172864914e-05
497,175044,0.007081171907484532
497,175144,0.006831573881208896
497,175244,0.0078093540109694
498,175296,2.106592059135437e-05
498,175396,0.007707227505743503
498,175496,0.006766160782426596
498,175596,0.007343206331133842
499,175648,0.00023988414555788041
499,175748,0.0073362945765256884
499,175848,0.006590932291001082
499,175948,0.0073168352432548996
